date,days_to_ignition,phase,bi,erc,fm100,fm1000,tmmx,tmmn,rmax,rmin,pr,vpd,vs
2020-07-14,-365,pre_fire,,,,,,,,,,,
2020-07-15,-364,pre_fire,66.096,82.23885,5.5498285,7.5271997,304.97064,286.47028,41.978172,13.177714,0.0,2.4456346,3.3021712
2020-07-16,-363,pre_fire,65.27543,83.07543,5.312114,7.4351997,305.9985,286.52206,40.795662,12.051087,0.014171429,2.6094172,3.1792002
2020-07-17,-362,pre_fire,64.60686,81.477715,5.626172,7.4025145,304.2785,286.70847,53.307312,18.542856,0.0,2.1682286,3.3028572
2020-07-18,-361,pre_fire,57.45257,81.82743,5.813257,7.2965713,304.812,286.34412,53.544456,17.468914,0.0,2.2379084,2.4373713
2020-07-19,-360,pre_fire,59.51543,83.17714,5.6852565,7.186857,305.67444,286.9056,45.94103,14.454972,0.0,2.4811199,2.5189714
2020-07-20,-359,pre_fire,41.51543,75.992,5.8785143,7.167314,305.63028,287.58618,43.722168,14.456114,0.7984,2.5128798,2.8545146
2020-07-21,-358,pre_fire,37.04,74.34628,6.071771,7.152229,305.26172,287.10526,48.41257,16.116571,0.5500572,2.3809826,2.7339425
2020-07-22,-357,pre_fire,18.772572,65.13828,7.1788573,7.3914285,300.5424,284.68915,61.038857,23.562286,1.7182857,1.62456,2.2917714
2020-07-23,-356,pre_fire,59.286858,76.40457,7.252343,7.445257,300.40628,284.17316,60.43063,22.5688,0.06388572,1.6287656,3.417943
2020-07-24,-355,pre_fire,58.24457,78.33257,7.066971,7.4402285,301.79715,284.62894,55.880116,19.571772,0.0,1.8416685,2.8295999
2020-07-25,-354,pre_fire,57.718857,79.64686,6.7958856,7.365943,302.9184,285.0505,52.07737,17.312344,0.0,2.0302057,2.6211429
2020-07-26,-353,pre_fire,26.296,69.421715,6.7834287,7.4086857,305.06857,286.49405,46.28,14.699886,0.9449143,2.3966515,2.3859427
2020-07-27,-352,pre_fire,26.374857,68.24571,7.1541715,7.5204573,303.29028,285.4616,49.10069,16.380342,1.6233143,2.1194859,2.4011428
2020-07-28,-351,pre_fire,51.794285,78.48572,6.931543,7.4776,303.30878,285.03064,54.651657,17.742857,0.025142858,2.0430055,2.1022856
2020-07-29,-350,pre_fire,64.08343,80.45486,6.5587425,7.360914,303.63876,285.08707,47.88137,14.966514,0.012914286,2.1904228,3.2947428
2020-07-30,-349,pre_fire,66.63314,81.76685,6.1988573,7.3075423,303.38638,284.29523,45.255657,13.471887,0.0,2.1995084,3.4146287
2020-07-31,-348,pre_fire,68.97943,83.10514,5.918972,7.2447996,303.98743,283.65588,47.06926,11.356113,0.0,2.294263,3.517943
2020-08-01,-347,pre_fire,65.24,84.65829,5.561372,7.1314287,303.67957,283.6959,42.065258,9.835543,0.0,2.3274057,2.9310856
2020-08-02,-346,pre_fire,68.04914,84.85943,5.4115424,7.0253716,302.8408,284.76447,42.72366,11.919656,0.0,2.2124112,3.2891428
2020-08-03,-345,pre_fire,61.500572,84.50971,5.528,6.907657,302.13907,284.70892,48.31806,14.516344,0.0,2.0459428,2.6661713
2020-08-04,-344,pre_fire,64.064,84.76115,5.585143,6.8420568,302.68457,285.04926,47.792,14.293715,0.0,2.1137943,2.932343
2020-08-05,-343,pre_fire,74.568,83.001144,6.042743,6.8166857,300.95554,283.56503,58.9808,18.639885,0.0,1.75856,4.3778286
2020-08-06,-342,pre_fire,62.09943,80.942856,6.6121144,6.889029,299.16675,282.48993,64.57234,21.575544,0.0,1.5087315,3.1579428
2020-08-07,-341,pre_fire,58.41943,79.38514,7.0193143,6.958172,300.79803,283.34723,65.768684,20.978857,0.042171426,1.6476914,3.0225143
2020-08-08,-340,pre_fire,60.32457,82.97943,6.5190854,6.909371,303.70526,285.67474,45.37097,13.050858,0.0,2.2760687,2.6102858
2020-08-09,-339,pre_fire,61.693714,83.83657,6.1935997,6.8539424,305.02274,286.67294,46.307884,13.1318865,0.0,2.4408572,2.695657
2020-08-10,-338,pre_fire,63.826286,84.64,5.915771,6.752,305.0602,286.9838,44.184345,12.623428,0.016571429,2.48448,2.9552
2020-08-11,-337,pre_fire,35.253716,71.76228,7.1513143,7.0860567,302.52194,285.2672,53.237144,16.790743,4.596686,2.0131314,3.0754285
2020-08-12,-336,pre_fire,75.54172,81.54971,6.7489147,7.0182858,300.56674,284.21222,47.102055,15.146286,0.0,1.8843429,4.552914
2020-08-13,-335,pre_fire,68.6,83.04686,6.3810287,6.966857,301.94547,283.47235,46.370857,12.646172,0.0,2.0453598,3.5370286
2020-08-14,-334,pre_fire,60.838856,82.81029,6.2812567,6.9331427,304.63635,286.01257,51.5544,14.576456,0.0,2.31352,2.7458284
2020-08-15,-333,pre_fire,72.29943,83.07429,6.1625147,6.9193144,306.6225,289.04047,49.232227,15.243885,0.0,2.6306973,4.0478854
2020-08-16,-332,pre_fire,61.125713,79.052574,6.372,6.948914,302.28696,290.0239,50.086514,22.494059,0.112457134,2.0281484,3.7659426
2020-08-17,-331,pre_fire,12.849143,62.974857,7.478286,7.200114,301.73965,288.21005,58.168686,24.638857,1.9350858,1.8266287,2.576
2020-08-18,-330,pre_fire,67.07771,79.53257,7.275657,7.104229,304.8257,288.46765,56.032,19.404345,0.0,2.2413487,3.792
2020-08-19,-329,pre_fire,68.683426,78.92457,7.219886,7.113143,300.5767,284.95096,56.566635,20.007656,0.023542857,1.7593143,4.1984
2020-08-20,-328,pre_fire,68.35314,82.66743,6.5337143,7.0533714,301.30902,283.7864,40.38263,11.2016,0.0,2.0642514,3.4944
2020-08-21,-327,pre_fire,71.34171,83.19086,6.214628,7.0049143,301.72467,283.8704,44.718975,12.733256,0.0,2.0552685,3.8362288
2020-08-22,-326,pre_fire,62.616,82.93714,6.164114,7.001714,302.8008,284.5616,49.824,14.372229,0.0,2.096537,2.905943
2020-08-23,-325,pre_fire,67.69372,82.76457,5.9101715,6.957143,303.73212,286.49954,41.67234,12.312456,0.09771428,2.3540797,3.8125715
2020-08-24,-324,pre_fire,66.16572,81.78971,6.1318855,6.864457,301.66208,288.008,50.043655,20.234058,0.026971428,1.9516115,3.6970284
2020-08-25,-323,pre_fire,56.749714,80.104,6.782857,6.8564577,300.66547,285.80536,64.33555,24.957258,0.0,1.6116343,2.6438859
2020-08-26,-322,pre_fire,56.749714,77.86057,7.556,6.9531426,300.0785,284.71634,71.226974,26.969143,0.0,1.4677715,2.8293717
2020-08-27,-321,pre_fire,54.334858,79.58171,7.3899426,6.999657,300.60135,284.47278,56.093487,19.1,0.0,1.7526172,2.2829714
2020-08-28,-320,pre_fire,61.082287,81.70057,6.9139423,6.9814854,303.31564,285.56653,47.319084,13.845258,0.0,2.2051885,2.8036568
2020-08-29,-319,pre_fire,60.882286,82.947426,6.4816,6.958057,303.61874,285.25967,44.716454,12.422286,0.0,2.2774744,2.6610284
2020-08-30,-318,pre_fire,64.15886,83.18514,6.2349715,6.937943,301.28162,284.41257,44.556114,13.550514,0.0,1.9969373,3.057943
2020-08-31,-317,pre_fire,69.39314,84.36686,6.0623994,6.8325715,301.32755,283.46765,46.2808,11.805715,0.0,2.0093598,3.5031998
2020-09-01,-316,pre_fire,82.70743,84.27314,6.085029,6.7323427,301.40494,284.19257,49.49063,13.752915,0.0,1.9710742,5.0885715
2020-09-02,-315,pre_fire,63.188572,86.09143,5.8628573,6.632571,304.62836,285.16763,45.11726,10.252342,0.0,2.4377713,2.6465144
2020-09-03,-314,pre_fire,65.461716,86.456,5.7314286,6.5953145,306.2591,286.65256,45.683884,10.607657,0.0,2.6577258,2.8712003
2020-09-04,-313,pre_fire,72.83428,87.03086,5.5763426,6.5552,306.547,287.29144,43.72846,10.355886,0.0,2.7450056,3.6203427
2020-09-05,-312,pre_fire,59.253716,88.457146,5.265943,6.497143,307.04013,287.71805,38.56983,8.261029,0.0,2.923417,2.0149715
2020-09-06,-311,pre_fire,67.67086,89.224,4.979428,6.421257,305.67563,288.76364,34.77897,8.610628,0.0,2.8119314,2.8531427
2020-09-07,-310,pre_fire,77.620575,89.09371,5.139314,6.3411427,305.28333,283.68262,47.289715,9.161943,0.0,2.4888003,3.931657
2020-09-08,-309,pre_fire,112.80457,87.60343,5.279086,6.2492566,293.38046,280.53076,39.91394,13.7394285,0.0,1.3350742,8.438857
2020-09-09,-308,pre_fire,104.18172,92.153145,4.7304,6.1003428,297.49908,280.13623,27.866858,5.007314,0.0,1.8033942,6.3217144
2020-09-10,-307,pre_fire,74.09943,92.808,4.470286,6.0061707,298.22375,280.21704,30.95703,5.977943,0.0,1.8388686,3.1898286
2020-09-11,-306,pre_fire,60.59086,91.39886,4.7197714,5.980685,299.95953,280.86365,42.64411,9.353256,0.0,1.8846287,2.0275428
2020-09-12,-305,pre_fire,67.32229,91.638855,4.7958856,5.9553146,301.56915,282.22183,40.645485,8.492572,0.0,2.1003659,2.6738286
2020-09-13,-304,pre_fire,76.776,91.486855,4.841829,5.9303994,300.2777,282.31372,39.114975,9.013714,0.0,1.9793371,3.6817143
2020-09-14,-303,pre_fire,85.384,91.74743,4.8706284,5.847543,300.0182,282.35715,38.741142,9.1196575,0.0,1.9602171,4.5696
2020-09-15,-302,pre_fire,74.296,93.361145,4.6758857,5.725029,299.7192,281.88208,33.546288,6.938172,0.0,1.9869372,3.2146285
2020-09-16,-301,pre_fire,74.421715,93.85943,4.5619426,5.6566854,298.91095,281.13107,33.966286,7.044457,0.0,1.8855543,3.1949713
2020-09-17,-300,pre_fire,86.70286,92.781715,4.7808,5.6506286,298.40045,279.42972,41.929028,9.127315,0.0,1.7235657,4.626171
2020-09-18,-299,pre_fire,79.22514,81.34171,7.2021713,5.9467425,293.3457,278.4079,83.8208,30.615086,0.012342857,0.8751543,5.561943
2020-09-19,-298,pre_fire,53.706287,79.58629,8.386171,6.1940575,294.36902,277.81738,78.33646,24.82937,0.0,1.0174285,2.3325715
2020-09-20,-297,pre_fire,62.864,82.06057,8.083771,6.283772,298.35626,279.4729,58.840805,14.393372,0.0,1.558,3.0267427
2020-09-21,-296,pre_fire,71.35543,83.64914,7.479657,6.2825146,297.61542,280.30765,47.31543,12.299886,0.0,1.6032573,3.8329144
2020-09-22,-295,pre_fire,76.22743,84.72343,6.952,6.2677712,297.0631,281.36227,43.024117,12.356458,0.0,1.6023659,4.288914
2020-09-23,-294,pre_fire,80.53943,83.573715,7.036914,6.346286,298.23752,280.4734,56.629715,15.4025135,0.0,1.5527885,4.9901714
2020-09-24,-293,pre_fire,64.76228,78.853714,7.9926863,6.5513144,295.60205,280.2552,72.52091,25.134058,0.0,1.1419429,3.7353141
2020-09-25,-292,pre_fire,69.66743,77.853714,8.536343,6.6385145,296.77487,280.28238,71.93874,22.998285,0.0,1.2466286,4.4013715
2020-09-26,-291,pre_fire,59.648,75.192,9.295199,6.8073144,295.44183,280.24524,76.34709,26.887543,0.0,1.0902286,3.4157712
2020-09-27,-290,pre_fire,90.41371,75.52114,9.266743,6.948343,295.29874,279.90482,67.30548,22.4736,0.0,1.1924685,7.38
2020-09-28,-289,pre_fire,87.35771,79.904,8.168571,6.9296,297.23987,280.91714,42.942856,11.607429,0.0,1.6266172,6.050629
2020-09-29,-288,pre_fire,59.906284,82.65257,7.224914,6.890857,299.72903,281.71506,40.02149,8.9544,0.0,1.9162629,2.4908571
2020-09-30,-287,pre_fire,57.762287,84.24,6.590857,6.857258,300.36926,283.37347,41.412914,8.198286,0.0,2.00088,2.1088
2020-10-01,-286,pre_fire,73.13486,86.066284,6.0921144,6.778057,302.19415,283.44376,41.216686,6.5888004,0.0,2.22592,3.596
2020-10-02,-285,pre_fire,64.704,88.848,5.457714,6.5912,302.10196,283.46686,33.51143,4.117257,0.0,2.3109713,2.422057
2020-10-03,-284,pre_fire,70.356575,90.526855,5.0354285,6.410286,301.45044,282.46594,33.81463,4.088343,0.0,2.2003884,2.892457
2020-10-04,-283,pre_fire,69.53714,90.71886,4.9147434,6.308914,299.2303,280.88867,37.476116,5.616343,0.0,1.8970743,2.8485715
2020-10-05,-282,pre_fire,62.82857,92.01143,4.692914,6.2276573,298.99637,280.21805,34.141144,4.055314,0.0,1.904937,2.036
2020-10-06,-281,pre_fire,67.12572,91.48457,4.7621717,6.187314,299.31555,280.4537,39.728455,5.8925714,0.0,1.8782401,2.5673141
2020-10-07,-280,pre_fire,66.31771,91.70514,4.7674284,6.145371,298.00867,279.47656,38.283314,5.5962286,0.0,1.7495772,2.4681144
2020-10-08,-279,pre_fire,68.51657,87.50743,5.002971,6.1235437,295.04297,278.98926,40.64869,8.421029,0.12537144,1.4540801,3.8998857
2020-10-09,-278,pre_fire,72.010284,89.448,5.3433146,6.0781713,294.67886,277.58206,46.469486,9.809485,0.0,1.351657,3.370743
2020-10-10,-277,pre_fire,56.603428,69.97943,8.149143,6.4194283,288.60367,277.86276,83.83909,38.68148,0.37999997,0.5941829,6.9385147
2020-10-11,-276,pre_fire,53.613716,75.461716,9.588572,6.7033143,291.53314,275.06915,83.42719,24.02126,0.0,0.8285371,2.5854855
2020-10-12,-275,pre_fire,51.205715,74.945145,10.0510845,6.947542,295.18094,277.37668,74.80732,18.656572,0.0,1.1591201,2.2034285
2020-10-13,-274,pre_fire,60.878857,74.30286,10.0177145,7.1394286,296.36752,279.4327,70.08434,18.822058,0.0,1.276,3.4971428
2020-10-14,-273,pre_fire,68.31771,74.737144,9.583086,7.2811427,295.3817,279.28592,63.430176,17.2848,0.0,1.2659543,4.3102856
2020-10-15,-272,pre_fire,88.50629,77.73143,8.542971,7.2914286,293.3718,278.64664,45.680573,11.512229,0.0,1.2917486,6.410743
2020-10-16,-271,pre_fire,84.045715,80.408,7.693372,7.250743,295.47552,278.1256,44.75463,8.472114,0.0,1.4652799,5.3825145
2020-10-17,-270,pre_fire,60.388573,79.003426,7.8765717,7.200686,297.42856,279.40067,61.12537,13.649942,0.0,1.4808228,2.9173717
2020-10-18,-269,pre_fire,59.10057,77.66286,8.190971,7.2293715,295.9784,279.448,63.804,16.631544,0.0,1.3144457,2.9597712
2020-10-19,-268,pre_fire,60.834286,78.536,8.070515,7.255086,296.2249,278.54138,58.150974,12.952344,0.0,1.3943886,2.994857
2020-10-20,-267,pre_fire,63.209145,78.64686,7.9435425,7.2917714,295.69864,278.45758,56.76743,12.852914,0.0,1.372103,3.2250285
2020-10-21,-266,pre_fire,53.971428,74.522285,9.0576,7.5118856,294.29636,276.31372,76.44239,18.9408,0.0,1.0845143,2.5949717
2020-10-22,-265,pre_fire,72.96343,73.28571,9.062971,7.6412573,285.8607,272.94287,62.111656,20.84983,0.0,0.70077723,5.190971
2020-10-23,-264,pre_fire,60.254856,76.12114,8.535315,7.6791997,289.42834,272.17404,54.725716,11.554971,0.0,0.93414855,3.0822856
2020-10-24,-263,pre_fire,57.121143,70.56686,10.1336,7.8782864,290.64847,272.66287,83.63073,21.54583,0.0,0.80206865,3.4067428
2020-10-25,-262,pre_fire,70.61714,67.648,10.617143,8.0210285,279.41336,267.47314,73.77131,27.527313,0.0,0.3914057,5.688686
2020-10-26,-261,pre_fire,87.25143,77.23772,8.639886,7.886972,282.48904,266.88754,30.723314,3.9403427,0.0,0.6914743,5.872
2020-10-27,-260,pre_fire,79.30057,76.828575,8.054515,7.872686,289.63086,272.3993,49.521713,9.511658,0.0,0.9838971,5.235086
2020-10-28,-259,pre_fire,68.996574,79.898285,7.229028,7.7627425,292.9936,274.82672,41.187656,5.9017143,0.0,1.2909485,3.5846858
2020-10-29,-258,pre_fire,70.144,81.89029,6.5230856,7.673714,293.7544,275.34927,37.87417,4.7824,0.0,1.37264,3.524
2020-10-30,-257,pre_fire,59.654858,82.89714,6.0929146,7.602857,293.8104,275.39462,39.038284,5.1253715,0.0,1.36312,2.3232
2020-10-31,-256,pre_fire,60.589714,83.12,5.921943,7.3874288,293.94537,276.07715,39.261715,8.655542,0.0,1.3297372,2.5352
2020-11-01,-255,pre_fire,66.734856,84.488,5.7266283,7.207315,294.75552,276.99887,37.37623,8.086857,0.0,1.4192573,3.1016
2020-11-02,-254,pre_fire,59.986286,85.71657,5.4617143,7.1391997,295.22025,276.82617,34.517715,6.652229,0.0,1.4807658,2.2074285
2020-11-03,-253,pre_fire,70.97714,86.97257,5.1362286,7.0242286,293.79028,276.58594,30.390285,6.132229,0.0,1.3916113,3.2807999
2020-11-04,-252,pre_fire,50.690285,82.654854,5.3766866,6.9851427,293.58447,276.78137,38.251774,9.348914,0.24571429,1.3123885,2.2233143
2020-11-05,-251,pre_fire,39.938286,75.80572,6.2183995,7.0904,294.78604,275.76355,52.4064,12.196,0.56205714,1.2723086,2.632
2020-11-06,-250,pre_fire,5.3645716,50.896,10.541028,7.846286,281.29382,270.6321,92.457375,48.556,2.3341715,0.27119997,4.5736003
2020-11-07,-249,pre_fire,16.452572,45.992,13.510513,8.385371,275.4688,268.42606,93.74366,61.913025,0.9377143,0.13265142,5.578743
2020-11-08,-248,pre_fire,44.674286,51.397713,14.303886,8.742399,272.87656,264.63165,84.85703,48.547657,0.21702859,0.16785142,5.476685
2020-11-09,-247,pre_fire,36.429714,56.173714,13.611201,9.026743,274.78217,264.0615,71.850624,32.547314,0.25005716,0.26659432,2.4754286
2020-11-10,-246,pre_fire,49.338287,59.493713,13.093486,9.279657,282.224,267.7415,74.48502,25.541027,0.0,0.4631657,3.3953142
2020-11-11,-245,pre_fire,42.32343,57.281143,13.458056,9.600914,280.34778,266.40594,81.51097,29.474285,0.0,0.3782171,2.5445714
2020-11-12,-244,pre_fire,43.68343,56.868572,13.084343,9.831544,282.06467,266.70056,73.365944,22.618973,0.12365714,0.4786857,3.2336
2020-11-13,-243,pre_fire,1.3142858,32.619427,16.896114,11.0256,276.82104,269.79465,90.79361,59.74617,11.029029,0.16430858,9.545943
2020-11-14,-242,pre_fire,39.700573,43.58057,16.708685,11.1841135,278.1672,268.48285,87.633484,45.95794,0.0016000001,0.24272,3.7945144
2020-11-15,-241,pre_fire,44.725716,41.93714,16.348915,11.414058,282.8792,273.20422,84.49166,46.11074,0.24731429,0.35265145,6.353829
2020-11-16,-240,pre_fire,41.132572,49.461716,14.676685,11.565029,289.44562,274.551,69.27223,23.949715,0.23657143,0.7840686,3.4326859
2020-11-17,-239,pre_fire,0.0,27.908571,17.880571,13.061943,284.10022,274.09943,83.50412,44.078857,40.086285,0.40010285,8.275658
2020-11-18,-238,pre_fire,0.0,19.28,21.3152,14.661943,278.13773,272.2887,96.52309,71.43886,17.682629,0.10426285,8.241258
2020-11-19,-237,pre_fire,29.670856,31.781713,19.644798,14.979543,279.3825,268.5679,87.5,42.024,0.002057143,0.2820914,3.408
2020-11-20,-236,pre_fire,36.094856,36.217144,17.5448,14.677029,280.4265,268.05704,76.47566,31.114058,0.0,0.3913714,4.172229
2020-11-21,-235,pre_fire,39.904,38.68457,16.025486,14.628343,281.21326,268.20905,73.95623,28.1344,0.0,0.44318858,4.608
2020-11-22,-234,pre_fire,15.616,32.634285,15.618743,14.817828,282.14685,268.62216,78.944,29.843771,1.3276572,0.4309257,2.8378286
2020-11-23,-233,pre_fire,27.980572,36.198856,15.357829,15.071428,280.84708,269.72238,83.5008,38.744686,0.012342858,0.34080002,2.5420573
2020-11-24,-232,pre_fire,29.901714,38.346287,14.65383,14.848114,283.31393,269.7519,77.92445,29.56023,0.14297144,0.47022858,2.9946287
2020-11-25,-231,pre_fire,26.88,33.74286,15.845371,14.790628,277.89658,267.50592,92.498405,46.809143,0.43497142,0.22277713,4.225486
2020-11-26,-230,pre_fire,40.717712,36.662857,15.815658,14.995429,277.40732,266.53006,84.83326,39.57943,0.0,0.26542857,5.288686
2020-11-27,-229,pre_fire,40.230858,40.509716,14.655201,14.750286,281.88913,267.95895,71.99566,25.319656,0.0,0.47574854,4.4018283
2020-11-28,-228,pre_fire,30.596571,42.48343,13.648,14.663543,284.1346,268.64676,69.51909,21.474516,0.0,0.5694514,2.0856
2020-11-29,-227,pre_fire,34.869713,43.14857,12.9534855,14.568114,282.8223,269.54602,68.740456,25.441828,0.0,0.5161714,2.9818287
2020-11-30,-226,pre_fire,36.03657,43.945145,12.467428,14.593942,284.412,269.23666,69.34743,23.371544,0.0,0.58428574,3.1449142
2020-12-01,-225,pre_fire,44.009144,43.09714,12.803542,14.448,282.1913,269.27896,76.856,31.501486,0.0,0.46011427,4.8705144
2020-12-02,-224,pre_fire,42.998856,45.064,12.427201,14.082056,282.78275,269.8728,69.36355,28.120686,0.0,0.51866287,4.390629
2020-12-03,-223,pre_fire,34.51314,46.347427,11.788916,13.990629,283.21408,269.44412,64.361374,23.975885,0.0,0.55648,2.5192
2020-12-04,-222,pre_fire,38.685715,48.14743,11.286172,13.7344,283.99393,269.92456,63.69006,23.285715,0.0,0.5929372,3.008
2020-12-05,-221,pre_fire,38.58057,47.822857,11.398971,13.6828575,283.6072,269.26263,70.594284,25.728117,0.0,0.5389486,3.0962286
2020-12-06,-220,pre_fire,35.970287,44.31543,11.796115,13.686857,281.9662,270.5047,73.5688,34.256916,0.28342858,0.4349714,3.8248003
2020-12-07,-219,pre_fire,48.36,46.230858,12.231086,13.783428,283.6801,268.85336,76.83737,27.292915,0.0,0.51552004,5.1043425
2020-12-08,-218,pre_fire,43.424,48.225143,11.9190855,13.581715,285.36227,269.94833,66.466286,22.28537,0.0,0.65929145,3.8397713
2020-12-09,-217,pre_fire,38.00686,45.176,13.116799,13.507085,283.52536,268.3462,84.96983,32.01863,0.0,0.4514057,3.2538283
2020-12-10,-216,pre_fire,38.672,44.424,13.732685,13.648,281.92593,267.55887,84.0384,31.729027,0.0,0.41242287,3.4899428
2020-12-11,-215,pre_fire,1.272,28.921143,15.272227,14.153601,277.75635,267.74365,78.79429,40.19611,4.6642284,0.29194283,4.293943
2020-12-12,-214,pre_fire,8.651428,26.802286,16.999886,14.603087,276.75873,269.0742,94.63463,60.50309,1.3684572,0.15379429,3.795314
2020-12-13,-213,pre_fire,0.0,18.549715,20.069828,15.893372,275.8248,270.04993,90.72834,67.38549,15.976686,0.12628572,4.7994285
2020-12-14,-212,pre_fire,24.994286,27.6,19.655884,16.203201,275.95108,267.8664,92.18457,57.432682,0.0,0.16512,2.9933717
2020-12-15,-211,pre_fire,13.745143,24.312,18.950857,16.38297,276.8208,269.0705,86.22298,53.680573,0.7928,0.21211427,2.4704
2020-12-16,-210,pre_fire,0.0,15.7017145,21.098629,17.527885,278.6785,271.27734,85.69178,54.767544,22.721714,0.23248,3.186057
2020-12-17,-209,pre_fire,0.017142856,12.340571,22.47874,18.426857,276.61005,267.06253,99.266975,65.88594,5.2154284,0.08427429,4.2109714
2020-12-18,-208,pre_fire,20.10743,23.257143,20.296228,18.351656,279.1311,266.65726,83.926056,36.065254,0.33040002,0.3280457,2.9632
2020-12-19,-207,pre_fire,23.994286,27.624,17.916916,18.226171,280.98514,268.99463,73.18251,32.016914,0.0,0.42473143,2.7850285
2020-12-20,-206,pre_fire,25.309713,30.8,16.356686,17.831314,285.2447,271.3608,74.710976,29.169828,0.0,0.5691429,2.616457
2020-12-21,-205,pre_fire,20.369143,29.482286,15.262286,17.8232,284.71542,269.1063,74.41885,25.25097,0.5246857,0.56053716,2.9629714
2020-12-22,-204,pre_fire,28.310858,28.28457,16.404686,17.971659,277.8112,265.3184,93.75532,45.196804,0.15759999,0.22589715,4.362171
2020-12-23,-203,pre_fire,37.98857,32.858284,15.091314,17.417715,277.66205,265.53464,71.091774,29.851887,0.0,0.35872,5.550857
2020-12-24,-202,pre_fire,30.476572,35.132572,13.957486,17.082401,279.57098,267.06503,67.81269,27.935884,0.0,0.4228457,3.299543
2020-12-25,-201,pre_fire,1.1954286,18.72,16.904228,17.987085,278.02435,270.84262,79.89234,51.592686,22.207773,0.25517714,6.081714
2020-12-26,-200,pre_fire,0.0,13.348572,20.062971,19.11074,276.7505,267.99384,96.945595,60.989597,9.456,0.13622858,5.746743
2020-12-27,-199,pre_fire,22.718857,22.022858,18.627657,18.965942,275.20456,267.9112,81.45931,51.602055,0.28811428,0.20608,4.561029
2020-12-28,-198,pre_fire,24.318857,23.093714,18.460571,19.163542,276.63828,265.4609,91.77395,45.35657,0.107771434,0.21561143,3.919086
2020-12-29,-197,pre_fire,24.833143,29.08343,15.947542,18.889029,279.7143,265.00024,64.615654,22.379429,0.007885714,0.43798855,2.6740572
2020-12-30,-196,pre_fire,0.0,18.418285,16.021944,18.967428,279.75406,267.83746,70.040565,30.758057,4.3201146,0.39122286,4.961943
2020-12-31,-195,pre_fire,23.118856,22.99657,17.640345,19.159084,277.56238,266.82376,99.2,59.545376,0.0,0.13122284,3.5086858
2021-01-01,-194,pre_fire,9.675428,19.169144,17.959772,19.020227,278.44217,266.7944,90.444,45.788345,1.1767999,0.2478857,3.5870857
2021-01-02,-193,pre_fire,14.36,18.881144,18.176458,18.901487,277.12662,271.3257,87.753586,65.93623,0.90582854,0.16227427,4.0857143
2021-01-03,-192,pre_fire,7.0742855,16.997715,18.120457,19.0216,278.6849,272.78308,83.71817,62.218628,2.0557716,0.21219428,4.0241146
2021-01-04,-191,pre_fire,0.0,9.104,21.681944,20.3888,276.86298,269.71234,98.16903,72.39897,22.11337,0.09060571,7.6587434
2021-01-05,-190,pre_fire,9.906285,16.44457,19.763428,20.47097,278.72217,268.03314,82.34892,42.36651,0.7913143,0.29182857,2.6489143
2021-01-06,-189,pre_fire,12.897142,18.276571,18.419313,20.237373,279.1511,268.15955,82.921486,41.74594,0.5034286,0.30231997,3.3386285
2021-01-07,-188,pre_fire,12.104,19.924572,17.1696,20.131773,279.39075,267.24664,78.0552,35.936913,0.84525716,0.3433257,2.679543
2021-01-08,-187,pre_fire,12.626286,17.449142,18.29063,20.105598,277.1806,266.244,96.95086,52.855885,0.9275428,0.17989714,4.221143
2021-01-09,-186,pre_fire,21.004572,23.398857,17.4704,19.8464,278.56046,266.02524,84.26092,38.122974,0.09588572,0.30656,3.0404572
2021-01-10,-185,pre_fire,19.182858,24.621714,16.661257,19.665257,279.6561,269.44196,81.65474,43.53234,0.0025142857,0.31017143,1.8998857
2021-01-11,-184,pre_fire,20.670856,27.152,15.395084,19.140345,282.29874,269.92056,73.600914,33.391888,0.1056,0.44959998,2.451657
2021-01-12,-183,pre_fire,10.730286,21.18743,14.969942,19.197943,280.4368,273.63065,69.45371,48.083313,1.824,0.35677713,4.9465146
2021-01-13,-182,pre_fire,8.516571,19.414858,16.309372,19.251085,284.12366,272.69843,92.55909,48.62274,1.3704,0.34234288,3.9622858
2021-01-14,-181,pre_fire,19.189714,27.434286,14.729714,19.006287,287.15533,273.0264,67.52891,27.550285,0.31554288,0.6816,2.4931426
2021-01-15,-180,pre_fire,23.358856,32.08914,13.2648,18.463085,285.7217,273.5945,62.28869,29.129827,0.0,0.63945144,1.9876571
2021-01-16,-179,pre_fire,26.618286,32.578285,12.729257,18.103086,285.5216,272.976,69.061935,31.078974,0.10445713,0.5923885,3.1569142
2021-01-17,-178,pre_fire,31.65257,34.269714,12.183542,17.812685,287.46753,272.56754,68.40971,26.355085,0.12468571,0.6943885,4.252571
2021-01-18,-177,pre_fire,40.37486,34.998856,12.048685,17.407772,282.0151,269.00674,72.0336,31.308117,0.048914284,0.45090282,6.3705144
2021-01-19,-176,pre_fire,49.966858,35.290287,11.734172,17.19966,277.41965,267.54846,66.19955,35.54606,0.046628576,0.33542857,9.183429
2021-01-20,-175,pre_fire,28.102858,37.805714,11.439428,16.791542,282.89175,267.65485,67.87509,24.632685,0.09634285,0.5193943,2.6848001
2021-01-21,-174,pre_fire,25.765715,37.501713,11.0077715,16.552,282.17053,269.23096,62.133026,26.568228,0.10651429,0.50624,2.3692572
2021-01-22,-173,pre_fire,2.7005715,24.282286,13.125714,16.656,274.77805,268.81635,81.323654,59.48548,2.2431998,0.17596571,2.6248
2021-01-23,-172,pre_fire,20.890285,28.282286,15.324572,16.793943,276.91153,264.90594,97.40903,51.603085,0.3162286,0.17272,3.628457
2021-01-24,-171,pre_fire,0.0,17.456,18.389942,17.656115,274.7528,264.22025,96.59909,54.120113,7.130057,0.14272,3.0313141
2021-01-25,-170,pre_fire,0.88114285,15.332571,19.814629,17.9784,271.44208,260.92767,98.95726,63.64743,1.8555427,0.065897144,4.9326854
2021-01-26,-169,pre_fire,0.0,11.645715,22.37017,19.290972,271.34558,259.39716,97.002625,52.55943,14.353714,0.105280004,6.211543
2021-01-27,-168,pre_fire,0.0,7.262857,23.891315,20.475883,274.16925,270.00687,86.9232,73.19931,24.620344,0.115234286,7.3833146
2021-01-28,-167,pre_fire,0.0,3.1622858,25.67657,21.922972,273.62756,269.62192,94.438286,81.757256,20.288,0.059885714,3.9615998
2021-01-29,-166,pre_fire,3.008,7.6994286,23.422514,22.083773,276.00217,268.64868,83.54629,55.122284,3.1202288,0.19729143,3.2963428
2021-01-30,-165,pre_fire,6.217143,11.131429,20.896341,22.020344,277.4489,268.26413,80.78491,46.598057,1.0529143,0.25654855,4.110628
2021-01-31,-164,pre_fire,11.777143,15.610286,18.4784,21.689941,278.7456,269.5816,72.94137,41.833942,0.7586286,0.32356572,3.9664001
2021-02-01,-163,pre_fire,6.912,13.313143,18.380457,21.969715,280.9464,271.86447,73.747086,42.392,11.541257,0.37303996,5.618171
2021-02-02,-162,pre_fire,3.3508573,8.376,20.336912,22.450857,277.2817,270.31018,94.27291,68.405945,8.2344,0.12687999,4.9323425
2021-02-03,-161,pre_fire,4.133714,8.957714,20.635544,22.361486,274.1657,265.13577,96.70903,58.9256,1.6415999,0.12513143,5.5261717
2021-02-04,-160,pre_fire,7.917714,12.986286,19.405943,22.1136,279.33783,264.7126,88.0992,33.296112,1.180457,0.32668573,4.299086
2021-02-05,-159,pre_fire,17.700571,19.36,17.437601,21.80857,283.51923,268.08173,76.79063,27.455883,0.29245716,0.5042286,3.5493715
2021-02-06,-158,pre_fire,20.968,24.109715,14.871771,21.439085,286.89267,269.2329,61.210285,18.00343,0.1552,0.7333943,2.9805715
2021-02-07,-157,pre_fire,25.419428,29.165714,12.346514,20.88526,286.71863,269.78125,45.620113,13.784685,0.012685714,0.7964913,2.860343
2021-02-08,-156,pre_fire,27.126858,31.141714,10.786858,20.2264,283.65942,270.57544,47.158054,19.391886,0.0,0.63821715,3.1541712
2021-02-09,-155,pre_fire,20.968,28.917715,10.768114,19.5304,282.40045,272.0545,66.10583,34.65246,0.22937143,0.4704457,2.9667428
2021-02-10,-154,pre_fire,20.684572,30.10743,11.604914,19.029715,284.72983,272.16205,80.561714,36.529713,0.19371432,0.47442284,2.3028572
2021-02-11,-153,pre_fire,4.328,18.553143,14.823543,19.483772,279.1176,271.7737,84.89417,56.53348,15.61223,0.23416002,3.876914
2021-02-12,-152,pre_fire,1.2594286,14.784,17.313028,20.187313,280.66696,271.11438,88.07771,49.76526,8.846286,0.27912,3.4881144
2021-02-13,-151,pre_fire,0.0,10.888,19.502285,21.063545,277.856,268.89008,93.670975,55.804226,7.535086,0.19261715,6.7352
2021-02-14,-150,pre_fire,2.7394285,11.7417145,19.030857,21.406057,275.85464,269.2992,80.05269,55.046402,3.6251428,0.2069486,3.0641143
2021-02-15,-149,pre_fire,7.4662857,11.397715,19.713942,21.776115,279.58685,270.56192,93.794975,58.528343,3.4057143,0.19591999,7.654857
2021-02-16,-148,pre_fire,23.282286,18.636572,18.631315,21.532455,277.9721,266.35165,89.3696,42.362057,0.16811429,0.26112002,5.1457143
2021-02-17,-147,pre_fire,24.547428,22.805714,16.562172,21.119314,277.43417,264.939,75.19862,32.44183,0.048457142,0.3170743,4.131657
2021-02-18,-146,pre_fire,1.0297142,13.386286,17.212,21.114172,275.21225,266.5224,80.28868,46.475544,4.4770284,0.22121145,4.0141716
2021-02-19,-145,pre_fire,0.0,10.466286,19.168344,21.549143,278.92,269.73212,93.211426,56.34583,6.3872,0.2043543,5.7352004
2021-02-20,-144,pre_fire,2.7268572,10.846857,19.790514,21.724,276.61838,266.3337,96.18765,52.024,2.8694854,0.18114285,4.654057
2021-02-21,-143,pre_fire,19.821714,19.763428,18.110172,21.580456,281.22363,266.06708,85.70926,31.138514,0.21748574,0.3910743,3.6704001
2021-02-22,-142,pre_fire,20.435429,23.582857,15.500457,21.12937,287.47098,270.34927,66.8792,21.244457,0.20491427,0.71786284,3.2928
2021-02-23,-141,pre_fire,26.061714,27.483429,13.556685,20.650286,285.20456,268.56,64.36263,20.673143,0.054285713,0.6329371,3.712457
2021-02-24,-140,pre_fire,31.971428,28.917715,12.342742,20.25497,276.8265,265.2344,62.652805,28.524,0.0006857143,0.34765714,5.029943
2021-02-25,-139,pre_fire,29.702858,31.966858,11.737371,19.593828,283.98788,265.42743,71.56,19.644571,0.0,0.5657714,3.6718855
2021-02-26,-138,pre_fire,37.12343,31.824,12.205943,19.0216,281.3496,265.46695,83.09188,28.4744,0.0021714286,0.41458288,5.9540577
2021-02-27,-137,pre_fire,32.98514,31.69143,12.431086,18.592915,277.97086,265.4039,79.78971,34.586285,0.0,0.31334856,4.844686
2021-02-28,-136,pre_fire,33.470856,33.978287,11.980115,18.326857,281.92548,265.98138,73.3416,24.50663,0.006857143,0.47161144,4.3896003
2021-03-01,-135,pre_fire,30.898285,35.114285,11.580915,18.0408,283.7967,268.37314,71.52217,24.740572,0.0,0.53677714,3.5388572
2021-03-02,-134,pre_fire,29.541714,36.321144,11.282971,17.762056,285.7991,269.25476,71.65634,23.02057,0.0,0.62101716,2.965257
2021-03-03,-133,pre_fire,29.450285,38.029713,10.578743,17.46,285.93484,270.00137,63.330055,21.296915,0.0,0.6598972,2.6921144
2021-03-04,-132,pre_fire,36.444572,38.942856,10.288571,16.967428,284.09705,270.4336,66.31954,26.657255,0.0011428571,0.5563886,4.318857
2021-03-05,-131,pre_fire,4.885714,27.362286,11.9336,16.971199,285.42194,271.61362,71.79349,29.023085,4.7058287,0.5811771,4.881143
2021-03-06,-130,pre_fire,0.0,21.238857,14.886857,17.335428,278.70218,268.636,93.94926,50.38297,4.4346285,0.22731428,5.387771
2021-03-07,-129,pre_fire,18.642286,31.900572,13.933714,17.2048,283.08972,268.31876,77.149376,28.523542,0.26434287,0.47548574,1.6578286
2021-03-08,-128,pre_fire,7.776,22.883429,15.073601,17.501486,276.96848,268.27417,83.86891,48.981716,3.0472,0.23344001,6.394057
2021-03-09,-127,pre_fire,0.0,17.537144,17.101257,18.268684,274.89407,267.85358,82.740234,54.560455,8.667657,0.19003429,4.8923426
2021-03-10,-126,pre_fire,0.0,14.035429,19.294172,19.13463,274.4904,265.86285,96.46514,60.214745,6.8333716,0.122719996,2.8499427
2021-03-11,-125,pre_fire,4.173714,15.561143,19.2128,19.319199,276.6216,265.98056,94.14103,49.327084,1.8067428,0.19633144,4.128
2021-03-12,-124,pre_fire,17.115429,24.177143,16.639887,18.861258,282.2775,267.13315,71.03463,25.08937,0.58914286,0.48710856,4.3253713
2021-03-13,-123,pre_fire,23.953142,31.469715,13.983772,18.255886,286.11313,267.9898,58.040688,15.949828,0.20834287,0.70957714,2.9813716
2021-03-14,-122,pre_fire,7.8845716,21.332571,15.502628,18.78023,280.92203,268.27325,86.99806,38.358402,6.389143,0.34626287,5.117486
2021-03-15,-121,pre_fire,1.6034286,15.619429,17.438515,19.22,274.1679,267.00916,93.99292,63.08092,3.8045714,0.123040006,4.605943
2021-03-16,-120,pre_fire,15.810286,23.523428,17.130173,19.088,280.3527,266.5256,92.488914,37.05017,0.6482286,0.32255998,2.4708571
2021-03-17,-119,pre_fire,21.123428,25.601143,16.584457,18.904345,282.88458,267.78687,91.47851,34.171658,0.22011429,0.3978857,3.107543
2021-03-18,-118,pre_fire,2.4377143,14.797714,18.240685,19.509142,279.06296,273.34845,84.20411,63.488457,12.232114,0.23080002,5.911314
2021-03-19,-117,pre_fire,7.910857,15.465143,18.883543,19.750513,278.03793,270.8159,92.99006,62.456116,2.979314,0.17357714,5.0684576
2021-03-20,-116,pre_fire,5.6857142,15.537143,18.900114,19.985144,277.80832,267.45108,91.516,47.513824,3.0427427,0.23153143,3.5101714
2021-03-21,-115,pre_fire,22.577143,25.905144,16.474972,19.698744,282.21222,266.7287,76.10389,26.245829,0.14777143,0.46260568,3.2568002
2021-03-22,-114,pre_fire,3.5097144,18.496,15.769372,19.501827,280.89154,269.31256,81.01475,38.02217,1.2235429,0.36426285,3.8677714
2021-03-23,-113,pre_fire,20.266285,23.053715,14.937715,19.261715,277.78046,267.67267,77.76959,40.26091,0.58468574,0.2960457,7.316229
2021-03-24,-112,pre_fire,27.350857,30.569143,13.612114,18.921257,283.82755,268.32538,74.04092,25.614513,0.0736,0.5267657,3.6076572
2021-03-25,-111,pre_fire,30.405714,29.450285,13.678058,18.520115,279.25314,269.32617,83.24995,44.406517,0.016,0.29724574,4.6165714
2021-03-26,-110,pre_fire,32.563427,34.232,12.4424,18.036686,284.2056,268.5929,70.26251,24.248798,0.03497143,0.5561257,4.278057
2021-03-27,-109,pre_fire,25.75657,36.637714,10.948113,17.525028,290.65347,271.58124,56.88948,15.172686,0.23737144,0.95779425,2.7878857
2021-03-28,-108,pre_fire,33.890285,40.649143,9.738513,17.140915,290.16287,273.0775,52.87577,16.385714,0.0076571433,0.9471314,3.2554286
2021-03-29,-107,pre_fire,39.830856,39.546288,10.082744,16.780342,283.59842,269.43875,74.65063,28.913942,0.0,0.50685716,4.9622855
2021-03-30,-106,pre_fire,45.848,41.933716,9.664,16.38663,283.84207,268.3801,63.796116,21.79817,0.0,0.57957715,5.8931427
2021-03-31,-105,pre_fire,44.99314,44.566856,9.030628,16.01063,290.09485,271.61154,58.928917,16.332228,0.0,0.91770285,5.010628
2021-04-01,-104,pre_fire,37.858284,46.26743,8.703199,15.476686,290.70322,273.50208,60.05943,18.320343,0.0,0.93951994,3.2898288
2021-04-02,-103,pre_fire,41.981716,47.88114,8.393485,15.050514,290.97806,274.45142,58.213142,18.931429,0.0,0.9612686,3.8809144
2021-04-03,-102,pre_fire,42.73257,49.08457,8.2483425,14.6928005,291.14194,274.66663,59.84674,19.853487,0.0,0.95368,3.8340569
2021-04-04,-101,pre_fire,41.22057,49.085712,8.462972,14.503201,290.51794,273.77625,66.89771,21.9208,0.0,0.87009144,3.5297143
2021-04-05,-100,pre_fire,44.548573,46.841145,9.56,14.302286,286.4624,271.7585,81.00686,30.899544,0.0,0.5688115,4.569257
2021-04-06,-99,pre_fire,37.058285,48.837715,9.648685,14.076343,289.53018,271.4705,73.068,21.514286,0.0,0.7895771,2.7213717
2021-04-07,-98,pre_fire,37.594284,45.512,10.088458,13.973143,288.00983,272.9602,76.897484,28.757942,0.14297144,0.65813714,4.2248
2021-04-08,-97,pre_fire,41.606857,48.659428,10.170971,13.7064,287.84146,272.0463,74.771545,26.144571,0.0,0.67776006,3.6042285
2021-04-09,-96,pre_fire,39.736,50.713142,9.764228,13.462971,289.79727,272.4785,67.48674,20.955656,0.0,0.8332914,2.932457
2021-04-10,-95,pre_fire,44.82514,52.418285,9.2744,13.226057,290.5094,272.6418,64.40914,19.228117,0.0,0.8928686,3.6017144
2021-04-11,-94,pre_fire,44.997715,52.574856,9.2112,13.102743,289.41293,272.2464,68.6432,21.310858,0.0,0.8103429,3.6488
2021-04-12,-93,pre_fire,45.79657,54.489143,8.817257,12.790972,289.17554,272.1208,61.80617,19.177713,0.0,0.83637714,3.502743
2021-04-13,-92,pre_fire,45.95657,52.072,8.920914,12.606743,283.64505,271.83804,63.82983,29.199085,0.09577143,0.54205716,4.550857
2021-04-14,-91,pre_fire,43.264,52.386284,9.505714,12.515429,283.63065,270.18686,75.65943,31.006287,0.0,0.48703998,3.461943
2021-04-15,-90,pre_fire,43.770287,53.648,9.756685,12.327429,286.10135,270.32434,75.09554,25.897831,0.0,0.6044686,3.2910857
2021-04-16,-89,pre_fire,46.59086,54.816,9.564,12.169258,288.3738,272.7618,68.33097,23.886402,0.0,0.74464,3.6052573
2021-04-17,-88,pre_fire,58.072,56.46857,9.133142,12.005143,289.24823,273.02457,62.931313,20.935656,0.0,0.8264343,5.289143
2021-04-18,-87,pre_fire,44.51657,58.764572,8.625372,11.852,293.85233,274.0136,60.94697,15.481942,0.0,1.1515428,2.699314
2021-04-19,-86,pre_fire,47.289143,59.89257,8.197486,11.604571,293.8009,276.568,57.475773,18.071543,0.0,1.1551543,3.0506287
2021-04-20,-85,pre_fire,34.66857,52.826286,9.070857,11.620686,289.0881,274.78055,72.07383,28.648912,1.0855999,0.73621714,3.3755429
2021-04-21,-84,pre_fire,56.665142,59.131428,8.7512,11.439428,289.96973,273.46902,63.086285,20.858402,0.0,0.8619542,4.6489143
2021-04-22,-83,pre_fire,56.78057,60.56,8.476,11.202857,290.66525,273.76526,62.1336,19.965027,0.0,0.91347426,4.4454856
2021-04-23,-82,pre_fire,40.380573,53.41714,9.532457,11.286285,291.26306,273.32092,79.746506,24.758286,1.1574856,0.8258857,4.6029716
2021-04-24,-81,pre_fire,21.110857,40.56914,11.690857,11.602514,281.45966,273.59543,88.18914,56.31154,1.1244571,0.26261714,7.5834284
2021-04-25,-80,pre_fire,11.633142,33.049145,15.297029,12.664799,278.7103,268.8999,96.91554,55.63543,10.865714,0.19890286,6.4501715
2021-04-26,-79,pre_fire,15.094857,35.536,15.0288,12.86,279.99783,268.6847,86.73428,41.66206,0.84491426,0.3089714,4.0216
2021-04-27,-78,pre_fire,43.979427,47.064,13.575201,12.778399,286.58298,271.07495,77.26218,27.511086,0.0,0.6047429,4.1157713
2021-04-28,-77,pre_fire,38.811428,51.770287,11.733601,12.640115,293.61392,272.77625,64.98023,15.474058,0.0,1.106,2.4913142
2021-04-29,-76,pre_fire,44.2,54.401142,10.371886,12.455771,298.72583,277.992,62.557713,15.6736,0.0,1.53648,3.1009142
2021-04-30,-75,pre_fire,45.126858,56.15314,9.366971,12.2328,297.62378,279.4438,59.495655,18.225714,0.0,1.4300686,3.0828571
2021-05-01,-74,pre_fire,48.964573,55.16457,9.129943,12.046399,292.75793,277.16846,65.624916,25.31943,0.07657143,0.97355425,4.3112
2021-05-02,-73,pre_fire,53.752,54.878857,9.596457,11.7483425,288.81943,274.88992,76.02937,32.473145,0.0,0.6690971,4.9461718
2021-05-03,-72,pre_fire,53.75086,57.424,9.332343,11.579886,291.501,274.67316,68.544235,23.731544,0.0,0.89463997,4.455543
2021-05-04,-71,pre_fire,45.58857,58.69943,9.021942,11.434057,294.5637,277.0943,66.57052,22.46937,0.0,1.1065372,2.9547427
2021-05-05,-70,pre_fire,54.88914,59.848,8.750286,11.355542,297.72205,278.51828,67.07405,20.359314,0.0,1.3553828,4.2422857
2021-05-06,-69,pre_fire,61.922287,58.226284,9.138972,11.339658,294.76355,277.59796,76.5656,26.869486,0.0,1.0201257,5.712914
2021-05-07,-68,pre_fire,49.53943,56.065144,9.877829,11.376685,289.36206,274.15533,81.72468,32.035885,0.0,0.67258286,3.9953141
2021-05-08,-67,pre_fire,56.35657,59.094856,9.291086,11.216115,290.4479,273.53656,63.9048,21.706516,0.0,0.8725714,4.596915
2021-05-09,-66,pre_fire,52.886856,59.736,9.105371,10.926857,290.76984,275.55795,66.60423,25.983772,0.0,0.85314286,4.0229716
2021-05-10,-65,pre_fire,59.362286,61.77943,8.636,10.760343,292.14868,275.75247,60.54743,21.554972,0.0,0.9882857,4.705143
2021-05-11,-64,pre_fire,50.987427,64.75771,7.867086,10.562058,294.64,276.81863,49.667767,15.822515,0.0,1.2629143,3.0222857
2021-05-12,-63,pre_fire,52.416,66.18285,7.347086,10.425372,297.36835,279.1689,50.66206,16.093601,0.0,1.4842285,3.0856
2021-05-13,-62,pre_fire,50.681145,66.65257,7.1707435,10.273371,298.47314,280.47406,56.070625,18.555084,0.0027428572,1.5193372,2.8356571
2021-05-14,-61,pre_fire,53.366856,66.00686,7.4036574,10.141485,296.87634,279.55646,64.924225,22.768684,0.0,1.2777371,3.3230853
2021-05-15,-60,pre_fire,3.1177142,44.992,9.465828,10.519315,289.31314,278.41818,70.25108,37.545715,3.519771,0.67757714,3.6694858
2021-05-16,-59,pre_fire,44.274284,58.860573,9.434971,10.357715,294.92834,279.32535,72.06035,28.532799,0.1697143,1.0330743,3.5418284
2021-05-17,-58,pre_fire,54.24914,60.868572,9.561942,10.342286,295.6215,278.86743,76.738625,28.160116,0.0,1.0577029,4.0587425
2021-05-18,-57,pre_fire,57.77714,61.124573,9.436686,10.336457,293.49725,277.64343,72.163086,27.602285,0.0,0.95524573,4.594057
2021-05-19,-56,pre_fire,54.347427,57.026287,10.1072,10.483885,288.76297,272.6655,83.16628,30.48926,0.17725715,0.6525142,5.6652565
2021-05-20,-55,pre_fire,10.155429,43.73943,10.746857,10.750628,278.62766,271.4865,60.65806,41.029713,2.0933714,0.36405715,6.120229
2021-05-21,-54,pre_fire,16.929142,44.538284,11.0048,10.893029,281.0633,272.36456,67.152,40.695312,1.1744001,0.40294856,5.564914
2021-05-22,-53,pre_fire,5.6914287,40.59543,11.807773,11.031428,283.06058,274.5481,73.72834,46.296116,1.9377143,0.40874287,4.2461715
2021-05-23,-52,pre_fire,41.469715,52.962284,11.276,10.952114,287.72287,274.96686,72.54652,33.596687,0.1928,0.62584,3.8625143
2021-05-24,-51,pre_fire,41.216,54.350857,10.796343,10.950286,292.6321,275.62936,75.15931,26.182514,0.2152,0.9042629,3.7012572
2021-05-25,-50,pre_fire,49.885715,55.875427,10.825829,11.023542,290.59796,275.5704,80.47372,32.21977,0.0,0.7263772,4.0241146
2021-05-26,-49,pre_fire,47.561142,59.792,9.817029,10.941372,294.8026,275.6583,65.131195,19.322857,0.0,1.1512915,3.0534854
2021-05-27,-48,pre_fire,52.722286,61.734856,8.914857,10.762172,295.05267,277.85944,57.319656,19.774286,0.0,1.2206744,3.6473145
2021-05-28,-47,pre_fire,44.008,62.012573,8.630057,10.632341,296.57898,279.96307,65.78308,24.083656,0.0,1.2355657,2.386857
2021-05-29,-46,pre_fire,47.046856,63.745144,7.907086,10.296228,298.67584,281.26822,50.71451,17.536915,0.13222857,1.5838743,3.1636572
2021-05-30,-45,pre_fire,55.51314,68.414856,7.164457,10.031199,300.5992,281.9712,46.34469,14.666513,0.0,1.8458513,3.2454855
2021-05-31,-44,pre_fire,55.264,70.504,6.532,9.812572,302.14136,284.22162,42.09074,13.994514,0.0,2.0816686,3.0084574
2021-06-01,-43,pre_fire,55.96343,72.18743,6.093828,9.611315,304.46994,285.98618,42.793488,13.9048,0.0,2.3615541,2.9506283
2021-06-02,-42,pre_fire,51.57257,72.258286,6.0353146,9.480572,304.8599,286.7263,49.9856,17.081257,0.0,2.2909372,2.4342856
2021-06-03,-41,pre_fire,53.994286,72.23428,6.182172,9.334972,304.39474,285.90445,56.178402,18.852571,0.0,2.1347544,2.766057
2021-06-04,-40,pre_fire,59.553143,72.50285,6.3174853,9.184686,303.02286,284.75726,56.838287,19.237026,0.0,1.9580114,3.4723427
2021-06-05,-39,pre_fire,69.06057,73.66628,6.3697143,8.950515,300.83932,281.63382,56.245483,17.22103,0.0,1.7550399,4.5692573
2021-06-06,-38,pre_fire,67.10514,73.50629,6.497028,8.818743,297.0786,279.3143,56.950626,18.969715,0.0,1.3832686,4.385371
2021-06-07,-37,pre_fire,70.837715,72.936,6.6852574,8.753029,294.19693,277.2982,58.659767,20.577032,0.0,1.1414171,4.986057
2021-06-08,-36,pre_fire,70.877716,71.03314,7.103771,8.738743,288.60855,274.9759,61.248116,26.520687,0.0,0.7653828,5.3592
2021-06-09,-35,pre_fire,20.610285,56.33143,8.360229,8.969143,287.35898,273.20193,71.76446,29.933487,1.4961143,0.63544,4.4396567
2021-06-10,-34,pre_fire,42.16,64.36686,8.4488,8.9848,288.92114,273.55792,65.66057,25.089487,0.34400004,0.7576342,3.1969147
2021-06-11,-33,pre_fire,55.63886,66.65372,7.9912004,8.9078865,292.96103,278.1016,52.723427,21.4304,0.18422857,1.0909486,4.654286
2021-06-12,-32,pre_fire,52.856,68.17029,8.488113,8.878629,297.2561,280.21063,76.89109,27.936344,0.0,1.1629943,3.1185145
2021-06-13,-31,pre_fire,65.77828,68.06857,8.608229,8.880914,298.0104,281.99075,71.68606,28.188915,0.0,1.2575772,4.936914
2021-06-14,-30,pre_fire,65.22514,66.01257,8.9822855,8.954399,295.17978,281.51715,74.3832,34.012573,0.0,0.9845028,5.2059426
2021-06-15,-29,pre_fire,58.162285,69.032,8.539543,8.9248,296.74686,279.46835,63.492,22.110971,0.0,1.2807887,3.6500573
2021-06-16,-28,pre_fire,58.395428,72.88,7.748457,8.768,303.20914,280.568,55.736454,13.200458,0.0,2.0576684,3.1418288
2021-06-17,-27,pre_fire,58.970287,76.05143,6.7578287,8.582857,305.90378,284.48114,41.086514,10.584115,0.0,2.595806,2.8972573
2021-06-18,-26,pre_fire,58.752,78.08914,6.0249143,8.404343,306.15256,286.00412,38.25417,10.8128,0.0,2.6814857,2.7115426
2021-06-19,-25,pre_fire,59.436573,78.732574,5.765943,8.194858,306.08594,287.27667,44.484116,14.293371,0.0,2.5623772,2.8158855
2021-06-20,-24,pre_fire,61.586285,79.51543,5.613943,8.037715,305.62033,287.53647,44.38126,15.111772,0.0,2.4900916,3.0318856
2021-06-21,-23,pre_fire,67.482285,80.690285,5.395086,7.876,303.7623,286.93155,39.301144,14.3856,0.00045714286,2.3278515,3.6118855
2021-06-22,-22,pre_fire,63.158855,79.54172,5.610857,7.7890286,300.74744,284.17303,49.665714,18.571657,0.0,1.8004457,3.3252573
2021-06-23,-21,pre_fire,40.85143,72.44914,6.063314,7.7553144,299.55533,283.33646,52.36354,20.030973,0.46491426,1.6437029,2.9902856
2021-06-24,-20,pre_fire,7.4857144,60.35314,6.866057,7.8621716,299.7126,283.5608,60.594856,23.373829,1.0075428,1.5458629,2.100343
2021-06-25,-19,pre_fire,56.91086,77.32229,6.7508574,7.8283424,302.556,284.85028,55.420116,19.52217,0.0,1.9115771,2.7442288
2021-06-26,-18,pre_fire,61.794285,80.64686,6.084,7.6601143,305.2576,288.00653,37.181374,13.195542,0.0,2.5642512,2.9307427
2021-06-27,-17,pre_fire,72.04228,81.802284,5.6669717,7.530172,306.865,290.46826,37.878857,14.428801,0.0,2.8138628,4.0557714
2021-06-28,-16,pre_fire,71.126854,83.03086,5.390401,7.4099426,307.8849,289.63818,39.846172,13.678743,0.0,2.910343,3.8258288
2021-06-29,-15,pre_fire,60.912,83.65028,5.2505145,7.3011427,306.72754,288.55496,41.20343,14.079886,0.0,2.7076457,2.6449142
2021-06-30,-14,pre_fire,71.34743,82.598854,5.462057,7.1966853,304.47336,288.13123,48.313713,18.8184,0.0,2.2557142,4.0216
2021-07-01,-13,pre_fire,65.681145,81.33829,5.8806853,7.1301713,303.56433,287.12308,57.170403,21.557142,0.007885714,2.0167313,3.576
2021-07-02,-12,pre_fire,41.566856,76.43886,6.222628,7.1471996,304.55786,287.03772,56.687084,19.7432,0.3162286,2.1555772,2.163543
2021-07-03,-11,pre_fire,46.528,75.218285,6.422057,7.1509714,305.18985,288.14972,54.346745,19.656343,0.38217145,2.2667427,3.512343
2021-07-04,-10,pre_fire,49.461716,75.30171,6.732685,7.207543,302.31473,286.82297,55.924572,22.10137,0.4905143,1.882983,3.2173715
2021-07-05,-9,pre_fire,57.302856,81.99543,6.332457,7.153943,304.7079,286.09863,46.819885,14.728115,0.0,2.3466742,2.3624
2021-07-06,-8,pre_fire,66.56343,82.97943,5.9860573,7.0926857,305.0375,287.1414,44.0168,14.4992,0.0,2.443314,3.336914
2021-07-07,-7,pre_fire,65.85714,85.01829,5.5385146,6.961828,304.44733,285.7952,38.27234,11.483085,0.0,2.4456117,3.0422857
2021-07-08,-6,pre_fire,70.60686,86.958855,5.1172576,6.8005714,305.13177,285.55692,35.746857,9.896686,0.0,2.5788457,3.3650284
2021-07-09,-5,pre_fire,61.322285,86.744,5.124457,6.713943,307.18756,286.66812,45.7928,12.542057,0.0,2.7231083,2.4461713
2021-07-10,-4,pre_fire,65.66743,87.144,5.054971,6.606971,308.17142,290.14606,41.28263,13.640685,0.0,2.9642172,2.9082282
2021-07-11,-3,pre_fire,71.51428,88.34972,4.8885713,6.488229,308.0104,289.60684,37.908455,11.978857,0.0,3.0059428,3.4151998
2021-07-12,-2,pre_fire,72.732574,90.04686,4.590286,6.3858285,307.94815,288.44308,33.53246,9.365714,0.0,3.072023,3.337143
2021-07-13,-1,pre_fire,69.66057,90.041145,4.538514,6.3052573,306.5162,287.4672,37.384113,10.983542,0.0,2.7686741,3.0781713
2021-07-14,0,active,71.39543,89.02972,4.808914,6.251771,304.37256,284.97864,46.581375,13.680686,0.0,2.3089144,3.4132574
2021-07-15,1,active,75.061714,87.10057,5.280228,6.2333713,301.36536,283.85107,53.046974,17.950287,0.0,1.8500344,4.089371
2021-07-16,2,active,68.69829,88.08572,5.303086,6.1816006,301.08765,283.2922,44.16434,14.152114,0.0,1.9395771,3.2145143
2021-07-17,3,active,70.2,89.29486,5.1773715,6.1067433,302.90744,283.50195,41.616917,11.869486,0.0,2.1932116,3.2242286
2021-07-18,4,active,69.52571,89.568,5.1458282,6.0483427,304.85257,284.9961,43.8632,12.2152,0.0,2.4216685,3.144457
2021-07-19,5,active,69.70057,87.99543,5.0736,6.0201144,303.23074,289.0129,36.72297,15.220343,0.009371429,2.34936,3.5113144
2021-07-20,6,active,72.17714,88.096,5.3556576,6.034172,302.00592,284.81726,49.517372,16.78297,0.0,1.9796115,3.6704
2021-07-21,7,active,74.542854,89.63771,5.2328,5.978629,302.4751,283.88696,41.23474,12.233829,0.0,2.1546743,3.669143
2021-07-22,8,active,73.71543,91.264,4.9096,5.872343,302.34607,284.7681,33.347427,10.301943,0.0,2.2580914,3.4101713
2021-07-23,9,active,65.45486,91.33943,4.8505144,5.810743,303.98477,285.5905,38.920227,11.715428,0.0,2.3965256,2.5925715
2021-07-24,10,active,69.44,92.054855,4.7269716,5.7385144,305.9148,287.67578,36.427658,11.285942,0.0,2.707097,2.936457
2021-07-25,11,active,67.22971,91.893715,4.7121143,5.6794286,305.15756,289.0224,36.41223,13.239085,0.0,2.6160343,2.7747428
2021-07-26,12,active,72.625145,89.690285,4.8498282,5.6714287,303.09885,290.64343,37.011425,17.379086,0.0012571429,2.3525598,3.720457
2021-07-27,13,active,46.786285,76.470856,6.0951996,5.837257,295.14972,283.45236,59.46663,29.831772,0.56034285,1.1687313,4.161371
2021-07-28,14,active,62.610287,87.77371,6.0884576,5.8475423,303.42435,284.21097,52.312916,15.5904,0.0,2.1090057,2.62
2021-07-29,15,active,51.838856,84.76914,5.9235425,5.8494854,304.87985,287.58835,42.32183,14.525714,0.26388574,2.4498973,2.4686859
2021-07-30,16,active,56.218285,86.22514,5.8543997,5.8512,301.85464,290.47098,39.67017,20.234743,0.048914284,2.1396456,2.3356571
2021-07-31,17,active,49.273144,80.24114,6.206743,5.955771,301.377,288.07944,45.749485,20.577257,0.65085715,1.9533828,3.2972572
2021-08-01,18,active,58.62857,86.265144,6.234857,5.9884577,302.63715,287.13257,51.570625,18.353943,0.00045714286,2.0486858,2.3254857
2021-08-02,19,active,73.730286,88.112,5.9264,5.9857144,303.817,286.5441,43.669487,12.904227,0.0,2.3392687,3.74
2021-08-03,20,active,75.58857,91.60229,5.246057,5.847086,305.24686,286.2466,32.634514,7.419543,0.0,2.714686,3.475086
2021-08-04,21,active,81.750854,94.115425,4.5885715,5.725143,305.18585,285.50287,27.511429,5.366628,0.0,2.7631314,3.8238857
2021-08-05,22,active,79.79429,91.683426,4.435314,5.6586285,298.65933,283.97256,29.178059,8.883543,0.17942858,1.9460915,4.537943
2021-08-06,23,active,58.990856,92.424,4.6321144,5.629943,300.06583,283.22592,40.780117,11.859543,0.0,1.91728,1.8851428
2021-08-07,24,active,70.64,93.117714,4.6648,5.5593143,302.405,284.28583,39.44183,10.395315,0.0,2.2090971,2.9827428
2021-08-08,25,active,78.44,91.76343,4.9112005,5.544228,301.44238,285.1993,43.805714,13.900115,0.0,2.0385828,3.9897144
2021-08-09,26,active,59.162285,91.70057,5.0458283,5.5467434,302.32,285.4015,43.322624,13.124572,0.0,2.144457,1.964343
2021-08-10,27,active,65.032,92.90171,4.9213715,5.489372,304.3775,286.85248,38.080914,10.685715,0.0,2.5000458,2.4410288
2021-08-11,28,active,63.969143,93.66286,4.7452574,5.456457,305.27463,287.55417,35.627773,9.772343,0.0,2.6714516,2.2550857
2021-08-12,29,active,64.53257,93.014854,4.744914,5.4281144,306.51932,289.2368,38.408344,11.3168,0.023428572,2.8214173,2.4894857
2021-08-13,30,active,57.701714,89.20571,5.0015993,5.441943,305.2065,290.09293,41.86583,14.910628,0.17885715,2.5704112,2.6152
2021-08-14,31,active,68.56114,92.314285,4.9662857,5.4,306.67487,290.53015,38.965374,12.658172,0.0,2.8470972,2.933143
2021-08-15,32,active,67.797714,93.092575,4.9428573,5.364343,307.45624,290.7553,39.540688,12.300343,0.0,2.9628687,2.736
2021-08-16,33,active,80.49143,92.538284,5.096,5.371086,306.47464,288.05795,45.42697,12.988458,0.0,2.66824,4.1012573
2021-08-17,34,active,84.024,89.61257,5.6871996,5.431314,297.91815,281.14505,56.629948,17.927542,0.0,1.5071999,4.9349713
2021-08-18,35,active,86.43886,88.197716,6.030857,5.5155425,293.55167,279.12457,51.915314,18.575315,0.0,1.1986744,5.380914
2021-08-19,36,active,75.18857,86.99543,6.415771,5.6043425,296.31314,280.3703,58.188,19.5,0.0,1.3395886,4.200914
2021-08-20,37,active,70.40228,88.211426,6.324457,5.627886,298.89508,281.7223,49.158627,14.744801,0.0,1.6736686,3.4380572
2021-08-21,38,active,85.66286,87.27086,6.3431997,5.6653714,295.76492,280.94867,48.64217,17.357372,0.0,1.393097,5.3298283
2021-08-22,39,active,69.09486,88.23543,6.266057,5.6915426,297.97552,279.7242,49.502174,13.573828,0.0,1.5832227,3.2739432
2021-08-23,40,active,78.80114,89.101715,6.036914,5.7017145,298.61395,280.49933,44.528572,11.999429,0.0,1.7052115,4.2002287
2021-08-24,41,active,80.68229,88.69714,6.0145144,5.698172,297.77338,280.3113,47.561028,13.605029,0.0,1.5950058,4.499657
2021-08-25,42,active,77.808,88.24686,6.066743,5.7321143,298.11932,280.98022,48.948,14.683772,0.0,1.6063429,4.253943
2021-08-26,43,active,63.505142,90.288,5.7374854,5.696114,299.6736,281.12115,40.554058,10.1652565,0.0,1.8614515,2.4357715
2021-08-27,44,active,78.32914,90.36229,5.6081142,5.6766853,301.13153,282.92218,42.853832,11.340915,0.0,2.0108457,4.0169144
2021-08-28,45,active,83.61943,91.70857,5.312114,5.6293716,302.88513,284.70343,37.532227,9.597257,0.0,2.3081257,4.3946285
2021-08-29,46,active,76.82286,93.274284,4.9401145,5.5596566,303.76114,285.3736,33.27406,8.058057,0.0,2.4869487,3.5096002
2021-08-30,47,active,84.17486,95.072,4.522743,5.482057,303.04663,284.20093,28.99097,6.2016,0.0,2.4385374,4.0382857
2021-08-31,48,active,77.117714,95.59314,4.3402286,5.3917713,301.46332,282.5801,31.702059,6.9886866,0.0,2.1863544,3.3350859
2021-09-01,49,active,78.92571,96.24,4.2552,5.3225145,299.38422,280.3776,33.737144,6.406286,0.0,1.9236342,3.4468572
2021-09-02,50,active,70.02628,97.18057,4.092343,5.2412567,297.8432,279.77304,30.33063,5.6527996,0.0,1.7986629,2.5061712
2021-09-03,51,active,70.76457,98.886856,3.8097143,5.1348567,299.63007,281.0281,26.175543,3.9161143,0.0,2.0483315,2.415543
2021-09-04,52,active,67.75657,99.01714,3.7664,5.0556574,301.8247,282.17395,30.805828,4.9854856,0.0,2.2550285,2.1586287
2021-09-05,53,active,75.30171,99.28,3.7636573,4.9925714,303.61865,283.49475,31.913599,5.1586285,0.0,2.4880571,2.8546286
2021-09-06,54,active,74.77828,98.85943,3.8885715,4.9653716,304.4928,284.2223,35.38,6.1546283,0.0,2.5759885,2.8698287
2021-09-07,55,active,69.741714,97.856,4.129257,4.934743,306.13278,286.5097,39.163883,8.167657,0.0,2.7630856,2.5245714
2021-09-08,56,active,71.77143,95.84,4.5782857,4.9509716,305.20892,286.9679,45.193027,11.463542,0.0,2.5393488,2.9581714
2021-09-09,57,active,4.3154287,69.65943,6.2106285,5.3187428,304.5623,285.47827,54.436573,13.942971,2.5101717,2.281737,3.579657
2021-09-10,58,active,0.63542855,56.63543,10.146285,6.214857,295.54675,281.7663,91.289375,37.789143,4.344,0.8641829,4.3213716
2021-09-11,59,active,52.6,75.584,10.263542,6.4605713,298.90228,281.29944,77.82503,23.515772,0.0,1.3654171,2.4062858
2021-09-12,60,active,58.202286,78.42743,9.2794285,6.5666285,299.71863,282.25464,57.281143,16.129715,0.0,1.6937943,2.7642286
2021-09-13,61,active,61.25943,81.91428,8.053371,6.5993147,300.19827,282.3081,42.77383,10.2926855,0.0,1.9268342,2.7395427
2021-09-14,62,active,65.16114,84.792,6.988914,6.5786285,301.94363,282.92172,38.08617,7.815543,0.0,2.1894743,2.862857
2021-09-15,63,active,67.882286,86.73143,6.191771,6.5424,301.22708,281.9713,36.284916,7.0456004,0.0,2.11528,2.9953141
2021-09-16,64,active,59.030857,84.80343,6.272114,6.4900575,298.4024,281.45316,50.053596,13.888343,0.0,1.6478971,2.3853714
2021-09-17,65,active,72.55657,84.945145,6.485829,6.305943,298.79782,280.86877,55.075314,14.839542,0.0,1.6206971,3.9168003
2021-09-18,66,active,23.636572,60.930286,9.094286,6.9314284,292.9616,280.556,73.247086,31.172228,4.6458287,0.93216,7.5336
2021-09-19,67,active,63.68457,64.68229,10.948113,7.3584003,288.76892,276.63336,89.971535,40.135544,0.20948572,0.5544,6.476685
2021-09-20,68,active,86.061714,73.11429,9.954857,7.487543,294.07977,277.12628,60.19474,17.126171,0.0,1.1797599,6.924
2021-09-21,69,active,72.24,76.50857,8.756915,7.5368004,299.165,280.01703,48.812,10.986629,0.0,1.7415541,4.5095997
2021-09-22,70,active,66.44343,76.345146,8.182514,7.6219425,298.29065,280.7815,54.139885,14.723771,0.0,1.5951772,3.917257
2021-09-23,71,active,72.76228,76.36914,7.950057,7.6316576,297.27438,280.34137,57.37097,16.337828,0.0,1.4722514,4.7318864
2021-09-24,72,active,65.65028,79.73143,7.2833147,7.452229,301.14157,282.2975,45.917374,10.552458,0.0,1.9916457,3.3941712
2021-09-25,73,active,71.690285,80.193146,7.0869718,7.2619424,300.24182,281.96115,52.093597,13.353485,0.0,1.8127201,4.1573715
2021-09-26,74,active,80.97714,79.97372,7.1502857,7.2125716,298.35474,279.74698,56.9288,14.500458,0.0,1.571577,5.3403425
2021-09-27,75,active,0.21257143,51.441143,10.627429,8.086628,294.0945,274.6695,86.877716,23.418402,4.9501715,0.96795434,7.1705146
2021-09-28,76,active,51.112,63.11086,11.619771,8.455886,286.6913,273.21313,86.33737,33.862972,0.026857143,0.5458743,3.4782858
2021-09-29,77,active,62.245716,68.585144,10.287658,8.534628,290.5792,274.36697,55.014175,15.598401,0.0,0.98545146,4.112
2021-09-30,78,active,70.197716,72.70057,8.875657,8.468801,293.54913,275.49017,44.056232,9.950971,0.0,1.2738514,4.575314
2021-10-01,79,active,59.812572,76.005714,7.712114,8.317943,295.2232,277.04788,41.589714,7.0294857,0.0,1.438,2.9059432
2021-10-02,80,active,62.424,78.65714,6.9111996,8.120229,297.37534,278.30536,42.236916,6.5726857,0.0,1.6353372,2.9660573
2021-10-03,81,active,58.536,80.04686,6.390514,7.9973717,297.95358,279.11838,42.605373,6.991771,0.0,1.68672,2.4462857
2021-10-04,82,active,71.46743,81.381714,6.122857,7.718743,296.91144,278.8336,44.1888,8.108457,0.0,1.57456,3.8654857
2021-10-05,83,active,81.97485,78.44914,6.5688004,7.6993146,294.08594,278.2703,57.1456,15.434857,0.0,1.2038629,5.7324576
2021-10-06,84,active,39.497143,64.25257,8.2208,7.9781713,289.20364,278.03326,74.78183,32.089485,0.49394286,0.70813715,4.4346285
2021-10-07,85,active,25.504,56.656,10.175086,8.441714,288.2072,277.13907,79.358284,34.773598,2.0494857,0.6181028,3.6180573
2021-10-08,86,active,60.886856,63.51543,10.856913,8.650628,285.49008,273.70767,79.00457,32.035885,0.042628575,0.5337371,4.990057
2021-10-09,87,active,46.670856,65.36343,10.807886,8.757486,287.57178,272.56583,75.07429,23.126171,0.0,0.67768,2.3940573
2021-10-10,88,active,49.16457,64.44572,11.197028,8.967199,290.92938,272.4016,82.08104,19.553371,0.008685715,0.83618283,2.8111997
2021-10-11,89,active,74.60343,60.251427,11.176114,9.021257,278.93063,270.68262,69.99371,35.90183,0.0014857143,0.36789715,7.7094855
2021-10-12,90,active,51.392,63.776,10.160228,9.037828,282.4825,269.19406,54.087543,16.51337,0.19657142,0.5855886,4.1082287
2021-10-13,91,active,47.081142,64.793144,10.008686,9.106286,284.97498,271.6504,67.29737,22.738974,0.0,0.61235434,2.5838857
2021-10-14,92,active,56.304,64.580574,10.344342,9.150514,286.10995,271.3825,75.166855,23.361599,0.0,0.6230743,3.837143
2021-10-15,93,active,56.936,68.78057,9.484114,9.086742,292.1288,272.9958,58.637028,11.039772,0.0,1.0732114,3.2846856
2021-10-16,94,active,59.96343,70.32229,8.722972,9.004685,293.76422,274.5335,54.64,10.049601,0.050971426,1.2137486,3.6429713
2021-10-17,95,active,10.244572,46.47886,11.807085,9.927085,288.06824,272.72467,76.47553,23.051315,12.244457,0.6972571,6.586743
2021-10-18,96,active,2.1234286,35.544,14.950171,10.581029,278.25632,271.46585,97.648575,63.77223,2.3377142,0.13697143,4.499657
2021-10-19,97,active,18.44,41.186287,15.402172,11.135085,283.6583,271.99347,83.61668,34.343655,2.9163427,0.44154286,4.077257
2021-10-20,98,active,14.613714,33.998856,16.592798,11.81063,282.95944,277.0049,87.92091,58.608,3.7685716,0.28342858,6.5166855
2021-10-21,99,active,0.0,26.04,19.2056,13.057486,287.8362,280.22925,92.328804,56.47417,13.855886,0.3691543,6.4512
2021-10-22,100,active,0.0,19.524572,22.046171,14.673142,283.30582,275.56537,98.086624,64.48903,28.296,0.16758858,6.811543
2021-10-23,101,active,0.0,14.861714,23.578514,16.22823,279.34,275.63773,89.08812,70.265144,26.789715,0.16467428,5.371886
2021-10-24,102,active,0.0,7.5874286,26.236685,17.731771,280.5991,275.052,99.995316,93.65783,154.49794,0.0010628571,9.015656
2021-10-25,103,active,0.0,8.020572,26.65383,18.964571,278.71988,273.37646,96.02891,70.45269,13.303543,0.117920004,5.5984
